,createDt,deathCnt,decideCnt,seq,stateDt,stateTime,updateDt,accExamCnt,accDefRate
0,56:05.3,8058,3134456,803,20220228,0:00,null,,
1,54:59.1,7944,2994830,802,20220227,0:00,56:31.2,,
2,10:30.9,7895,2831275,801,20220226,0:00,56:10.4,,
3,19:35.5,7783,2665074,800,20220225,0:00,11:20.4,,
4,45:42.5,7689,2499187,799,20220224,0:00,19:57.6,,
5,12:48.9,7607,2329172,798,20220223,0:00,46:50.0,,
6,06:38.8,7508,2157730,797,20220222,0:00,13:50.7,,
7,05:08.3,7450,2058161,796,20220221,0:00,07:07.4,,
8,51:11.1,7405,1962822,795,20220220,0:00,05:39.0,,
9,00:04.1,7354,1858008,794,20220219,0:00,52:45.1,,
10,04:59.6,7283,1755798,793,20220218,0:00,00:52.1,,
11,52:05.1,7238,1645975,792,20220217,0:00,05:35.8,,
12,20:27.8,7202,1552843,791,20220216,0:00,52:33.6,,
13,01:44.8,7163,1462408,790,20220215,0:00,20:55.1,,
14,01:51.4,7102,1405244,789,20220214,0:00,02:24.9,,
15,50:26.8,7081,1350627,788,20220213,0:00,03:09.6,,
16,06:44.1,7045,1294199,787,20220212,0:00,50:59.6,,
17,37:42.0,7012,1239264,786,20220211,0:00,25:54.1,,
18,04:23.4,6963,1185361,785,20220210,0:00,06:18.1,,
19,37:00.1,6943,1131239,784,20220209,0:00,,,
20,14:20.0,6922,1081672,783,20220208,0:00,05:32.4,,
21,01:20.8,6886,1044955,782,20220207,0:00,05:22.3,,
22,21:40.1,6873,1009672,781,20220206,0:00,05:11.8,,
23,25:08.8,6858,970983,780,20220205,0:00,05:01.2,,
24,58:40.5,6836,934638,779,20220204,0:00,04:52.4,,
25,46:14.9,6812,907200,778,20220203,0:00,04:42.7,,
26,04:49.9,6787,884294,777,20220202,0:00,04:29.0,,
27,06:24.4,6772,864026,776,20220201,0:00,04:21.4,,
28,22:37.3,6755,845688,775,20220131,0:00,06:04.9,21518073,
29,13:00.3,6732,828611,774,20220130,0:00,05:54.9,21448119,
30,46:05.8,6712,811089,773,20220129,0:00,59:02.8,21377393,
31,04:52.6,6678,793576,772,20220128,0:00,58:55.4,21269304,
32,04:10.7,6654,777483,771,20220127,0:00,05:52.3,21196354,
33,59:34.4,6620,762969,770,20220126,0:00,06:04.5,21110639,
34,58:23.5,6588,749960,769,20220125,0:00,06:12.8,21026346,
35,59:37.8,6565,741390,768,20220124,0:00,06:21.7,20943638,
36,13:23.2,6540,733879,767,20220123,0:00,06:30.7,20892539,
37,26:15.5,6529,726253,766,20220122,0:00,06:40.2,20838500,
38,55:49.6,6501,719249,765,20220121,0:00,07:28.9,20765930,
39,15:13.3,6480,712483,764,20220120,0:00,07:20.2,20709568,
40,01:30.8,6452,705883,763,20220119,0:00,07:08.1,20649522,
41,03:38.3,6378,700080,762,20220118,0:00,07:01.6,20588481,
42,03:38.4,6333,696018,761,20220117,0:00,06:55.8,20527722,
43,31:40.9,6310,692164,760,20220116,0:00,06:48.8,20489023,
44,17:22.7,6281,687975,759,20220115,0:00,15:33.9,20446099,
45,59:27.9,6259,683556,758,20220114,0:00,03:44.3,20389154,
46,43:16.7,6210,679018,757,20220113,0:00,03:32.9,20329715,
47,08:49.6,6166,674854,756,20220112,0:00,03:23.0,20277357,
48,07:41.1,6114,670471,755,20220111,0:00,20:11.8,20215297,
49,06:03.1,6071,667379,754,20220110,0:00,07:18.4,20148476,
50,47:53.4,6037,664374,753,20220109,0:00,07:25.7,20099870,
51,38:42.1,5986,661003,752,20220108,0:00,07:34.0,20046220,
52,04:22.3,5932,657496,751,20220107,0:00,00:38.6,19971712,
53,59:04.4,5887,653783,750,20220106,0:00,00:27.2,19875047,
54,01:59.2,5838,649661,749,20220105,0:00,09:21.3,19778824,
55,04:35.5,5781,645220,748,20220104,0:00,09:14.7,19671880,
56,58:35.6,5730,642199,747,20220103,0:00,40:29.0,19546883,
57,57:24.7,5694,639074,746,20220102,0:00,40:16.8,19456900,
58,02:39.2,5625,635243,745,20220101,0:00,40:05.3,19364122,
59,04:09.3,5563,630828,744,20211231,0:00,39:49.9,19309072,
60,06:07.1,5455,625955,743,20211230,0:00,05:54.4,19251165,
61,56:23.0,5382,620921,742,20211229,0:00,05:44.5,19196738,
62,01:15.6,5346,615514,741,20211228,0:00,05:38.2,19141481,
63,59:50.6,5300,611650,740,20211227,0:00,05:27.2,19082135,
64,59:54.2,5245,607447,739,20211226,0:00,59:43.4,19040194,
65,33:26.8,5176,602034,738,20211225,0:00,55:55.6,18994820,
66,02:52.8,5071,596194,737,20211224,0:00,05:10.6,18929158,
67,52:40.5,5015,589961,736,20211223,0:00,05:02.9,18859285,
68,18:12.3,4906,583047,735,20211222,0:00,07:39.3,18786344,
69,01:45.7,4828,575595,734,20211221,0:00,57:08.9,18718803,
70,02:35.2,4776,570403,733,20211220,0:00,00:45.7,18645857,
71,00:28.8,4722,565087,732,20211219,0:00,00:35.0,18593165,
72,10:13.5,4644,558854,731,20211218,0:00,00:22.2,18539009,
73,07:20.0,4591,551544,730,20211217,0:00,35:15.5,18460563,
74,09:11.1,4518,544110,729,20211216,0:00,35:06.2,18381569,
75,02:08.1,4456,536491,728,20211215,0:00,34:57.5,18298675,
76,05:48.5,4386,528642,727,20211214,0:00,20:01.7,18224740,
77,00:10.9,4292,523075,726,20211213,0:00,19:51.8,18140572,
78,35:19.1,4252,517259,725,20211212,0:00,03:46.8,18084589,
79,19:00.0,4210,510578,724,20211211,0:00,,18024403,
80,04:53.8,4130,503601,723,20211210,0:00,08:03.4,17950721,
81,05:11.3,4077,496853,722,20211209,0:00,07:54.2,17870821,
82,56:34.5,4020,489478,721,20211208,0:00,07:45.8,17787657,
83,03:37.8,3957,482305,720,20211207,0:00,03:25.1,17709512,
84,00:01.2,3893,477352,719,20211206,0:00,35:42.8,17628218,
85,34:20.9,3852,473028,718,20211205,0:00,35:51.1,17577570,
86,08:47.5,3809,467903,717,20211204,0:00,50:19.0,17527015,
87,09:08.4,3739,462551,716,20211203,0:00,50:09.4,17457487,
88,20:16.0,3705,457607,715,20211202,0:00,50:00.2,17391434,
89,01:08.3,3658,452344,714,20211201,0:00,49:50.8,17329295,
90,02:25.8,3624,447222,713,20211130,0:00,49:40.1,17265258,
91,05:16.7,3580,444191,712,20211129,0:00,49:29.0,17200325,
92,58:53.4,3548,440884,711,20211128,0:00,06:50.2,17158535,
93,32:36.0,3492,436959,710,20211127,0:00,06:37.3,17115754,
94,03:04.0,3440,432892,709,20211126,0:00,06:24.1,17056003,
95,00:47.9,3401,428996,708,20211125,0:00,06:12.9,16998733,
96,08:22.1,3362,425059,707,20211124,0:00,06:01.8,16939923,
97,59:47.9,3328,420946,706,20211123,0:00,06:13.3,16878955,2.787908146
98,07:45.6,3298,418249,705,20211122,0:00,29:38.1,16816616,2.778248847
99,05:22.1,3274,415422,704,20211121,0:00,29:24.2,16777679,2.760822612
100,51:26.3,3244,412302,703,20211120,0:00,28:52.9,16740119,2.740177594
101,54:43.2,3215,409097,702,20211119,0:00,28:44.1,16684168,2.723426096
102,34:37.8,3187,406064,701,20211118,0:00,01:10.7,16631273,2.71061804
103,48:17.3,3158,402772,700,20211117,0:00,01:22.7,16575880,2.696496039
104,39:32.2,3137,399583,699,20211116,0:00,01:35.5,16525384,2.680340563
105,35:56.0,3115,397461,698,20211115,0:00,01:49.0,16470969,2.679055475
106,44:03.2,3103,395457,697,20211114,0:00,08:34.9,16440427,2.667294117
107,30:57.9,3083,393039,696,20211113,0:00,08:25.5,16408598,2.652746775
108,27:05.3,3051,390715,695,20211112,0:00,08:14.0,16361028,2.642385606
109,27:17.6,3033,388347,694,20211111,0:00,08:03.1,16312771,2.631058697
110,28:28.0,3012,385829,693,20211110,0:00,40:59.3,16261877,2.617731744
111,24:09.1,2998,383404,692,20211109,0:00,41:18.0,16212870,2.609523641
112,28:41.7,2980,381687,691,20211108,0:00,42:01.0,16160828,2.606709531
113,29:07.7,2967,379933,690,20211107,0:00,31:43.4,16130872,2.596390749
114,37:28.2,2956,377708,689,20211106,0:00,31:27.9,16099185,2.58226585
115,27:51.2,2936,375462,688,20211105,0:00,31:04.8,16051667,2.57577878
116,27:32.7,2916,373119,687,20211104,0:00,30:32.0,16001231,2.566815144
117,28:24.3,2892,370637,686,20211103,0:00,30:45.5,15953526,2.555691763
118,30:05.2,2874,367970,685,20211102,0:00,31:12.9,15905185,2.544507972
119,42:25.1,2858,366382,684,20211101,0:00,31:23.5,15849300,2.539874664
120,17:32.7,2849,364697,683,20211031,0:00,31:44.1,15804062,2.529614139
121,42:07.8,2830,362636,682,20211030,0:00,31:55.5,15775697,2.516686662
122,31:17.5,2817,360532,681,20211029,0:00,32:05.7,15730782,2.508556515
123,33:44.2,2808,358411,680,20211028,0:00,34:15.1,15678186,2.508290261
124,10:24.8,2797,356300,679,20211027,0:00,44:12.1,15628306,2.501909962
125,39:33.4,2788,354355,677,20211026,0:00,11:36.6,15579430,2.493247184
126,45:03.7,2773,353083,676,20211025,0:00,44:54.8,15530472,2.49313842
127,33:19.1,2766,351893,675,20211024,0:00,45:50.6,15504979,2.486767364
128,02:54.9,2745,350472,674,20211023,0:00,30:49.9,15481469,2.478203151
129,40:09.6,2725,348964,673,20211022,0:00,30:42.5,15437382,2.473130808
130,43:46.7,2709,347526,672,20211021,0:00,30:26.0,15392004,2.472189416
131,37:29.4,2698,346085,671,20211020,0:00,30:16.7,15344729,2.468580231
132,37:01.1,2689,344514,670,20211019,0:00,30:04.1,15296830,2.465558902
133,39:38.1,2668,343441,669,20211018,0:00,29:55.3,15246346,2.466224513
134,04:43.4,2660,342391,668,20211017,0:00,29:46.1,15220864,2.461751437
135,35:29.2,2644,340971,667,20211016,0:00,29:35.8,15198187,2.452154822
136,39:06.7,2626,339354,666,20211015,0:00,13:07.8,15152521,2.451385875
137,34:17.6,2618,337671,665,20211014,0:00,28:39.6,15106360,2.445150286
138,35:45.0,2605,335732,664,20211013,0:00,28:28.5,15062412,2.436982744
139,34:11.1,2594,334149,663,20211012,0:00,28:16.6,15007572,2.433579256
140,36:36.6,2583,332803,662,20211011,0:00,28:03.3,14977407,2.425384039
141,40:09.1,2575,331506,661,20211010,0:00,27:46.6,14951646,2.421531031
142,42:58.2,2560,329912,660,20211009,0:00,27:35.8,14925863,2.411859748
143,46:59.7,2554,327959,659,20211008,0:00,27:22.4,14882186,2.40274815
144,48:27.6,2544,325788,658,20211007,0:00,27:02.4,14833965,2.396517815
145,49:43.2,2536,323363,657,20211006,0:00,26:50.6,14780938,2.384482953
146,54:11.4,2524,321336,656,20211005,0:00,26:38.8,14731627,2.37971704
147,50:15.7,2513,319762,655,20211004,0:00,26:15.5,14701211,2.371238956
148,22:27.0,2507,318092,654,20211003,0:00,26:02.5,14675115,2.361092668
149,52:30.4,2504,316007,653,20211002,0:00,39:30.8,14644685,2.346849899
150,57:42.1,2497,313760,652,20211001,0:00,39:17.1,14596211,2.336751721
151,58:40.2,2481,311276,651,20210930,0:00,39:07.4,14544246,2.323893799
152,58:03.4,2474,308715,650,20210929,0:00,38:56.4,14485251,2.312881819
153,57:34.9,2464,305834,649,20210928,0:00,38:32.0,14425565,2.301204401
154,08:41.4,2456,303546,648,20210927,0:00,38:21.0,14365928,2.291636673
155,38:04.3,2450,301165,647,20210926,0:00,38:11.5,14325932,2.27653947
156,49:15.2,2441,298397,646,20210925,0:00,20:33.9,14285337,2.25560835
157,53:29.1,2434,295127,645,20210924,0:00,03:18.1,14221682,2.237305194
158,01:14.5,2427,292698,644,20210923,0:00,04:10.2,14151069,2.231550868
159,35:53.9,2419,290983,643,20210922,0:00,01:46.5,14112435,2.218798684
160,39:49.4,2413,289263,642,20210921,0:00,03:48.3,14081284,2.20552024
161,09:41.2,2409,287534,641,20210920,0:00,04:59.5,14050974,2.195344709
162,31:46.1,2403,285930,640,20210919,0:00,06:48.5,14020498,2.184628916
163,58:15.3,2394,284021,639,20210918,0:00,15:16.0,13986615,2.173282266
164,15:01.6,2389,281934,638,20210917,0:00,14:59.8,13938955,2.165770632
165,51:44.3,2386,279926,637,20210916,0:00,14:42.4,13890499,2.158191291
166,51:20.7,2380,277984,636,20210915,0:00,14:13.0,13839087,2.150752106
167,45:02.5,2367,275919,635,20210914,0:00,13:59.6,13790239,2.142920551
168,40:59.6,2360,274411,634,20210913,0:00,20:08.9,13735740,2.142162206
169,35:58.2,2359,272978,633,20210912,0:00,21:16.4,13704173,2.133681795
170,42:37.1,2358,271223,632,20210911,0:00,22:56.6,13665460,2.123843897
171,40:06.4,2348,269359,631,20210910,0:00,22:17.5,13615055,2.116540437
172,40:59.6,2343,267466,630,20210909,0:00,38:20.9,13568869,2.110860713
173,39:50.5,2334,265417,629,20210908,0:00,38:50.0,13519664,2.102950836
174,39:03.2,2330,263370,628,20210907,0:00,39:14.7,13468412,2.093323421
175,43:09.9,2327,261773,627,20210906,0:00,39:41.1,13416743,2.089933076
176,48:36.1,2321,260398,626,20210905,0:00,40:09.4,13382733,2.081845124
177,41:36.5,2315,258908,624,20210904,0:00,40:31.3,13350356,2.071293661
178,44:31.0,2308,257105,623,20210903,0:00,40:56.0,13286677,2.063198116
179,37:25.1,2303,255397,622,20210902,0:00,41:37.9,13223511,2.059060084
180,37:02.4,2292,253437,621,20210901,0:00,42:09.0,13152140,2.048611282
181,00:00.0,2285,251413,590,20210831,0:00,43:17.5,13094711,2.036809746
182,00:00.0,2284,250043,589,20210830,0:00,44:30.1,13049678,2.035704845
183,00:00.0,2279,248558,588,20210829,0:00,50:42.9,13015921,2.028493976
184,00:00.0,2276,246939,587,20210828,0:00,51:25.7,12983486,2.01742456
185,00:00.0,2265,245148,586,20210827,0:00,52:24.2,12927789,2.007877595
186,00:00.0,2257,243311,585,20210826,0:00,53:00.8,12866797,2.001538639
187,00:00.0,2237,241429,584,20210825,0:00,53:45.3,12806608,1.993794379
188,00:00.0,2228,239275,583,20210824,0:00,54:27.1,12749751,1.983781699
189,00:00.0,2222,237768,582,20210823,0:00,55:03.1,12694018,1.980611882
190,00:00.0,2215,236351,581,20210822,0:00,55:44.8,12664332,1.971911127
191,00:00.0,2202,234725,580,20210821,0:00,56:39.9,12632591,1.96183021
192,00:00.0,2197,232938,579,20210820,0:00,57:43.8,12567090,1.956229267
193,00:00.0,2191,230798,578,20210819,0:00,58:28.3,12518695,1.945043614
194,00:00.0,2178,228646,577,20210818,0:00,16:22.9,12461676,1.933262754
195,00:00.0,2173,226843,576,20210817,0:00,17:26.8,12404969,1.877172914
196,00:00.0,2167,225471,575,20210816,0:00,18:00.2,12372769,1.914414414
197,00:00.0,2156,223917,574,20210815,0:00,19:10.5,12344711,1.904124127
198,00:00.0,2148,222101,573,20210814,0:00,19:59.1,12309273,1.890773543
199,00:00.0,2144,220173,572,20210813,0:00,20:39.7,12257959,1.878861867
200,00:00.0,2138,218184,571,20210812,0:00,25:41.3,12207035,1.865308522
201,00:00.0,2135,216197,570,20210811,0:00,26:29.8,12156192,1.852885532
202,00:00.0,2134,213976,569,20210810,0:00,27:07.0,12112079,1.837309938
203,00:00.0,2125,212439,568,20210809,0:00,27:36.5,12057824,1.832900846
204,00:00.0,2121,210948,567,20210808,0:00,31:36.7,12027437,1.82462691
205,00:00.0,2116,209221,566,20210807,0:00,30:51.5,11995923,1.811282604
206,00:00.0,2113,207398,565,20210806,0:00,30:51.5,11951646,1.799611891
207,00:00.0,2109,205694,564,20210805,0:00,30:51.5,11908430,1.789742069
208,00:00.0,2106,203919,563,20210804,0:00,30:51.5,11864240,1.77841233
209,00:00.0,2104,202194,562,20210803,0:00,30:51.5,11820011,1.765622622
210,00:00.0,2099,200994,561,20210802,0:00,30:51.5,11772599,1.765361674
211,00:00.0,2098,199776,560,20210801,0:00,30:51.5,11751780,1.756553576
212,00:00.0,2095,198334,559,20210731,0:00,30:51.5,11728815,1.745957213
213,00:00.0,2089,196796,558,20210730,0:00,30:51.5,11682962,1.737598412
214,00:00.0,2085,195086,557,20210729,0:00,30:51.5,11637500,1.727162415
215,00:00.0,2083,193413,556,20210728,0:00,30:51.5,11585607,1.717447696
216,00:00.0,2079,191518,555,20210727,0:00,30:51.5,11528602,1.707057587
217,00:00.0,2077,190155,554,20210726,0:00,30:51.5,11472339,1.699126896
218,00:00.0,2073,188837,553,20210725,0:00,30:51.5,11453340,1.689275533
219,00:00.0,2068,187350,552,20210724,0:00,30:51.5,11430518,1.67939231
220,00:00.0,2066,185723,551,20210723,0:00,30:51.5,11388299,1.671630834
221,00:00.0,2063,184094,550,20210722,0:00,30:51.5,11343913,1.662335814
222,00:00.0,2060,182253,549,20210721,0:00,30:51.5,11298669,1.649873688
223,00:00.0,2059,180472,548,20210720,0:00,30:51.5,11251982,1.639564831
224,00:00.0,2058,179194,547,20210719,0:00,30:51.5,11202429,1.634722225
225,00:00.0,2057,177943,546,20210718,0:00,30:51.5,11175977,1.630927675
226,00:00.0,2055,176490,545,20210717,0:00,30:51.5,11149223,1.615973942
227,00:00.0,2051,175041,544,20210716,0:00,30:51.5,11108582,1.60729781
228,00:00.0,2050,173506,543,20210715,0:00,30:51.5,11060454,1.598253496
229,00:00.0,2048,171907,542,20210714,0:00,30:51.5,11008857,1.587769115
230,00:00.0,2046,170294,541,20210713,0:00,30:51.5,10964297,1.578964888
231,00:00.0,2044,169144,540,20210712,0:00,30:51.5,10919896,1.574131766
232,00:00.0,2043,168044,539,20210711,0:00,30:51.5,10902276,1.566666486
233,00:00.0,2038,166720,538,20210710,0:00,30:51.5,10881638,1.556397131
234,00:00.0,2036,165342,537,20210709,0:00,30:51.5,10844215,1.547603102
235,00:00.0,2034,164026,536,20210708,0:00,30:51.5,10802780,1.539915705
236,00:00.0,2033,162751,535,20210707,0:00,30:51.5,10766500,1.531954059
237,00:00.0,2032,161540,534,20210706,0:00,30:51.5,10735715,1.52482307
238,00:00.0,2028,160794,533,20210705,0:00,30:51.5,10700133,1.521915262
239,00:00.0,2026,160083,532,20210704,0:00,30:51.5,10685124,1.517543135
240,00:00.0,2025,159340,531,20210703,0:00,30:51.5,10670616,1.512237172
241,00:00.0,2024,158546,530,20210702,0:00,30:51.5,10641601,1.508391023
242,00:00.0,2021,157721,529,20210701,0:00,30:51.5,10614315,1.503624138
243,00:00.0,2018,156960,528,20210630,0:00,30:51.5,10579071,1.499862255
244,00:00.0,2017,156166,527,20210629,0:00,30:51.5,10555740,1.496003116
245,00:00.0,2015,155571,526,20210628,0:00,30:51.5,10520928,1.495000281
246,00:00.0,2013,155070,525,20210627,0:00,30:51.5,10508677,1.492162323
247,00:00.0,2012,154456,524,20210626,0:00,30:51.5,10495515,1.487880387
248,00:00.0,2009,153788,523,20210625,0:00,30:51.5,10466544,1.486685106
249,00:00.0,2008,153154,522,20210624,0:00,30:51.5,10438781,1.484365384
250,00:00.0,2007,152544,521,20210623,0:00,30:51.5,10409948,1.483868388
251,00:00.0,2006,151899,520,20210622,0:00,30:51.5,10380042,1.481520134
252,00:00.0,2004,151505,519,20210621,0:00,30:51.5,10346046,1.48278272
253,00:00.0,2002,151148,518,20210620,0:00,30:51.5,10335633,1.481179366
254,00:00.0,1997,150719,517,20210619,0:00,30:51.5,10323153,1.478444312
255,00:00.0,1996,150237,516,20210618,0:00,30:51.5,10294047,1.477516692
256,00:00.0,1994,149730,515,20210617,0:00,30:51.5,10257835,1.477134747
257,00:00.0,1993,149190,514,20210616,0:00,30:51.5,10229383,1.475577311
258,00:00.0,1992,148645,513,20210615,0:00,30:51.5,10196468,1.475706268
259,00:00.0,1988,148272,512,20210614,0:00,30:51.5,10165496,1.476508035
260,00:00.0,1985,147873,511,20210613,0:00,30:51.5,10152906,1.474543917
261,00:00.0,1982,147421,510,20210612,0:00,30:51.5,10140534,1.47151213
262,00:00.0,1981,146856,509,20210611,0:00,30:51.5,10111063,1.471899741
263,00:00.0,1979,146300,508,20210610,0:00,30:51.5,10076861,1.470864122
264,00:00.0,1977,145690,507,20210609,0:00,30:51.5,10044782,1.469633196
265,00:00.0,1975,145088,506,20210608,0:00,30:51.5,10008582,1.470090853
266,00:00.0,1974,144634,505,20210607,0:00,30:51.5,9972295,1.470490004
267,00:00.0,1973,144149,504,20210606,0:00,30:51.5,9959695,1.467429756
268,00:00.0,1971,143593,503,20210605,0:00,30:51.5,9945952,1.463921944
269,00:00.0,1969,142849,502,20210604,0:00,30:51.5,9911322,1.461000475
270,00:00.0,1968,142154,501,20210603,0:00,30:51.5,9872322,1.459112138
271,00:00.0,1965,141473,500,20210602,0:00,30:51.5,9834348,1.457668392
272,00:00.0,1963,140796,499,20210601,0:00,30:51.5,9798400,1.455889634
273,00:00.0,1959,140337,498,20210531,0:00,48:56.8,9761156,1.456805177
274,00:00.0,1957,139907,497,20210530,0:00,30:51.5,9747612,1.454165571
275,00:00.0,1951,139427,496,20210529,0:00,30:51.5,9733588,1.450883775
276,00:00.0,1946,138894,495,20210528,0:00,30:51.5,9702453,1.449896399
277,00:00.0,1943,138307,494,20210527,0:00,30:51.5,9665690,1.449298446
278,00:00.0,1940,137678,493,20210526,0:00,30:51.5,9629455,1.447963934
279,00:00.0,1938,136973,492,20210525,0:00,30:51.5,9592726,1.445529521
280,00:00.0,1934,136457,491,20210524,0:00,30:51.5,9553612,1.446605861
281,00:00.0,1931,135927,490,20210523,0:00,30:51.5,9536298,1.443871791
282,00:00.0,1926,135342,489,20210522,0:00,30:51.5,9520965,1.439286846
283,00:00.0,1922,134676,488,20210521,0:00,30:51.5,9487107,1.4368562
284,00:00.0,1916,134115,487,20210520,0:00,30:51.5,9447357,1.436153877
285,00:00.0,1912,133469,486,20210519,0:00,30:51.5,9428643,1.431433582
286,00:00.0,1904,132815,485,20210518,0:00,30:51.5,9395003,1.429410897
287,00:00.0,1903,132287,484,20210517,0:00,30:51.5,9353299,1.429898627
288,00:00.0,1900,131668,483,20210516,0:00,30:51.5,9336613,1.425757584
289,00:00.0,1896,131058,482,20210515,0:00,30:51.5,9319093,1.421472325
290,00:00.0,1893,130377,481,20210514,0:00,30:51.5,9281290,1.419288441
291,00:00.0,1891,129630,480,20210513,0:00,30:51.5,9241152,1.416158717
292,00:00.0,1884,128915,479,20210512,0:00,30:51.5,9201538,1.413966632
293,00:00.0,1879,128281,478,20210511,0:00,30:51.5,9164283,1.412840025
294,00:00.0,1875,127771,477,20210510,0:00,30:51.5,9122058,1.413605557
295,00:00.0,1874,127308,476,20210509,0:00,30:51.5,9105770,1.410694676
296,00:00.0,1865,126744,475,20210508,0:00,30:51.5,9089165,1.406562226
297,00:00.0,1860,126043,474,20210507,0:00,30:51.5,9051353,1.404776863
298,00:00.0,1851,125518,473,20210506,0:00,30:51.5,9010991,1.404957457
299,00:00.0,1847,124944,472,20210505,0:00,30:51.5,8994068,1.401491609
300,00:00.0,1840,124268,471,20210504,0:00,30:51.5,8957154,1.399562882
301,00:00.0,1834,123727,470,20210503,0:00,30:51.5,8915325,1.401798692
302,00:00.0,1833,123239,469,20210502,0:00,30:51.5,8898233,1.398595447
303,00:00.0,1831,122633,468,20210501,0:00,30:51.5,8883387,1.393845883
304,00:00.0,1828,122006,467,20210430,0:00,30:51.5,8848291,1.391844194
305,00:00.0,1825,121345,466,20210429,0:00,30:51.5,8805778,1.390712113
306,00:00.0,1821,120666,465,20210428,0:00,30:51.5,8766496,1.388668632
307,00:00.0,1820,119897,464,20210427,0:00,30:51.5,8721608,1.386878116
308,00:00.0,1817,119385,463,20210426,0:00,30:51.5,8672977,1.389022528
309,00:00.0,1813,118886,462,20210425,0:00,30:51.5,8654790,1.386065198
310,00:00.0,1812,118242,461,20210424,0:00,30:51.5,8632922,1.382195163
311,00:00.0,1811,117457,460,20210423,0:00,30:51.5,8583529,1.374796777
312,00:00.0,1808,116660,459,20210422,0:00,30:51.5,8537504,1.377272408
313,00:00.0,1806,115925,458,20210421,0:00,30:51.5,8497593,1.375085969
314,00:00.0,1802,115194,457,20210420,0:00,30:51.5,8458591,1.372664279
315,00:00.0,1801,114645,456,20210419,0:00,30:51.5,8414820,1.373971918
316,00:00.0,1797,114113,455,20210418,0:00,30:51.5,8396065,1.37091215
317,00:00.0,1794,113442,454,20210417,0:00,30:51.5,8377778,1.365662265
318,00:00.0,1790,112784,453,20210416,0:00,30:51.5,8333331,1.365019181
319,00:00.0,1788,112111,452,20210415,0:00,30:51.5,8291124,1.363730967
320,00:00.0,1782,111413,451,20210414,0:00,30:51.5,8245386,1.363557535
321,00:00.0,1775,110682,450,20210413,0:00,30:51.5,8200517,1.36392993
322,00:00.0,1770,110140,449,20210412,0:00,30:51.5,8152781,1.366919627
323,00:00.0,1768,109553,448,20210411,0:00,30:51.5,8129530,1.363002809
324,00:00.0,1765,108939,447,20210410,0:00,30:51.5,8106628,1.358915373
325,00:00.0,1764,108262,446,20210409,0:00,30:51.5,8059111,1.357143027
326,00:00.0,1758,107591,445,20210408,0:00,30:51.5,8012419,1.356002483
327,00:00.0,1756,106891,444,20210407,0:00,30:51.5,7966165,1.354504067
328,00:00.0,1752,106223,443,20210406,0:00,30:51.5,7921288,1.354516686
329,00:00.0,1748,105746,442,20210405,0:00,30:51.5,7868818,1.35775092
330,00:00.0,1744,105273,441,20210404,0:00,30:51.5,7849474,1.354921538
331,00:00.0,1740,104730,440,20210403,0:00,30:51.5,7829599,1.350603555
332,00:00.0,1737,104187,439,20210402,0:00,30:51.5,7788293,1.350002546
333,00:00.0,1735,103630,438,20210401,0:00,30:51.5,7747301,1.349060526
334,00:00.0,1731,103079,437,20210331,0:00,30:51.5,7707798,1.349820651
335,00:00.0,1729,102573,436,20210330,0:00,30:51.5,7663997,1.352211626
336,00:00.0,1726,102126,435,20210329,0:00,30:51.5,7616328,1.354925246
337,00:00.0,1722,101744,434,20210328,0:00,30:51.5,7595594,1.353520672
338,00:00.0,1721,101262,433,20210327,0:00,30:51.5,7572566,1.350629659
339,00:00.0,1716,100757,432,20210326,0:00,30:51.5,7529401,1.35208143
340,00:00.0,1709,100268,431,20210325,0:00,30:51.5,7485858,1.355178997
341,00:00.0,1707,99838,430,20210324,0:00,30:51.5,7441209,1.358916428
342,00:00.0,1704,99410,429,20210323,0:00,30:51.5,7400989,1.361628431
343,00:00.0,1697,99064,428,20210322,0:00,30:51.5,7355963,1.365866653
344,00:00.0,1696,98649,427,20210321,0:00,30:51.5,7332713,1.363609032
345,00:00.0,1693,98193,426,20210320,0:00,30:51.5,7308949,1.36078075
346,00:00.0,1690,97746,425,20210319,0:00,30:51.5,7264940,1.362010055
347,00:00.0,1688,97283,424,20210318,0:00,30:51.5,7218086,1.364731094
348,00:00.0,1686,96838,423,20210317,0:00,30:51.5,7171509,1.366215546
349,00:00.0,1678,96369,422,20210316,0:00,30:51.5,7126076,1.367317856
350,00:00.0,1675,96006,421,20210315,0:00,30:51.5,7084939,1.368903786
351,00:00.0,1669,95627,420,20210314,0:00,30:51.5,7066400,1.366772257
352,00:00.0,1667,95168,419,20210313,0:00,30:51.5,7046781,1.36365193
353,00:00.0,1662,94678,418,20210312,0:00,30:51.5,7012663,1.363465187
354,00:00.0,1652,94190,417,20210311,0:00,30:51.5,6976984,1.363346349
355,00:00.0,1648,93725,416,20210310,0:00,30:51.5,6938883,1.364541999
356,00:00.0,1645,93255,415,20210309,0:00,30:51.5,6902983,1.364877361
357,00:00.0,1642,92809,414,20210308,0:00,30:51.5,6861808,1.365960332
358,00:00.0,1634,92463,413,20210307,0:00,30:51.5,6843125,1.364419324
359,00:00.0,1632,92047,412,20210306,0:00,30:51.5,6821942,1.362292728
360,00:00.0,1627,91629,411,20210305,0:00,30:51.5,6789010,1.362451625
361,00:00.0,1619,91231,410,20210304,0:00,30:51.5,6751899,1.363323226
362,00:00.0,1612,90807,409,20210303,0:00,30:51.5,6716202,1.365450011
363,00:00.0,1606,90363,408,20210302,0:00,30:51.5,6681975,1.367366453
364,00:00.0,1605,90019,407,20210301,0:00,30:51.5,6665754,1.365577626
365,00:00.0,1603,89664,406,20210228,0:00,30:51.5,6649005,1.363479598
366,00:00.0,1595,89309,405,20210227,0:00,30:51.5,6627214,1.361786154
367,00:00.0,1585,88894,404,20210226,0:00,30:51.5,6590065,1.363170117
368,00:00.0,1581,88507,403,20210225,0:00,30:51.5,6551213,1.365313386
369,00:00.0,1576,88112,402,20210224,0:00,30:51.5,6510987,1.369049312
370,00:00.0,1573,87672,401,20210223,0:00,30:51.5,6472678,1.370171942
371,00:00.0,1562,87316,400,20210222,0:00,30:51.5,6429143,1.373609691
372,00:00.0,1557,86984,399,20210221,0:00,30:51.5,6411339,1.372424003
373,00:00.0,1553,86568,398,20210220,0:00,30:51.5,6390630,1.37094142
374,00:00.0,1550,86120,397,20210219,0:00,30:51.5,6345991,1.372457619
375,00:00.0,1544,85559,396,20210218,0:00,30:51.5,6303213,1.372789348
376,00:00.0,1538,84938,395,20210217,0:00,30:51.5,6260566,1.372589831
377,00:00.0,1534,84317,394,20210216,0:00,30:51.5,6213489,1.374003682
378,00:00.0,1527,83860,393,20210215,0:00,30:51.5,6162859,1.378661134
379,00:00.0,1522,83517,392,20210214,0:00,30:51.5,6140085,1.377739762
380,00:00.0,1514,83191,391,20210213,0:00,30:51.5,6115336,1.376175852
381,00:00.0,1507,82829,390,20210212,0:00,30:51.5,6093368,1.377611702
382,00:00.0,1496,82426,389,20210211,0:00,30:51.5,6070007,1.376429369
383,00:00.0,1486,81922,388,20210210,0:00,30:51.5,6030022,1.376852832
384,00:00.0,1482,81478,387,20210209,0:00,30:51.5,5987404,1.379866528
385,00:00.0,1474,81175,386,20210208,0:00,30:51.5,5938195,1.386812206
386,00:00.0,1471,80887,385,20210207,0:00,30:51.5,5916974,1.388326537
387,00:00.0,1464,80516,384,20210206,0:00,30:51.5,5893352,1.389242841
388,00:00.0,1459,80126,383,20210205,0:00,30:51.5,5847177,1.395991442
389,00:00.0,1448,79756,382,20210204,0:00,30:51.5,5803094,1.403523344
390,00:00.0,1441,79305,381,20210203,0:00,30:51.5,5756713,1.411657527
391,00:00.0,1435,78838,380,20210202,0:00,30:51.5,5711412,1.418677606
392,00:00.0,1425,78502,379,20210201,0:00,30:51.5,5661841,1.424102272
393,00:00.0,1420,78197,378,20210131,0:00,30:51.5,5640817,1.424024729
394,00:00.0,1414,77843,377,20210130,0:00,30:51.5,5616527,1.422899166
395,00:00.0,1399,77387,376,20210129,0:00,30:51.5,5569261,1.426092065
396,00:00.0,1386,76918,375,20210128,0:00,30:51.5,5522186,1.428968994
397,00:00.0,1378,76421,374,20210127,0:00,30:51.5,5469244,1.433570126
398,00:00.0,1371,75862,373,20210126,0:00,30:51.5,5422760,1.435655706
399,00:00.0,1360,75513,372,20210125,0:00,30:51.5,5376083,1.440666034
400,00:00.0,1349,75076,371,20210124,0:00,30:51.5,5354346,1.438628623
401,00:00.0,1337,74684,370,20210123,0:00,30:51.5,5329704,1.438145992
402,00:00.0,1328,74253,369,20210122,0:00,30:51.5,5282220,1.442061196
403,00:00.0,1316,73907,368,20210121,0:00,30:51.5,5237602,1.45014296
404,00:00.0,1300,73507,367,20210120,0:00,30:51.5,5192124,1.457320534
405,00:00.0,1283,73103,366,20210119,0:00,30:51.5,5140320,1.466172614
406,00:00.0,1264,72717,365,20210118,0:00,30:51.5,5087214,1.475235531
407,00:00.0,1249,72328,364,20210117,0:00,30:51.5,5061284,1.475509797
408,00:00.0,1236,71808,363,20210116,0:00,30:51.5,5032264,1.472493784
409,00:00.0,1217,71228,362,20210115,0:00,30:51.5,4978068,1.479065025
410,00:00.0,1195,70716,361,20210114,0:00,30:51.5,4925353,1.487001355
411,00:00.0,1185,70192,360,20210113,0:00,30:51.5,4872306,1.496825175
412,00:00.0,1165,69631,359,20210112,0:00,30:51.5,4814079,1.504783882
413,00:00.0,1140,69094,358,20210111,0:00,30:51.5,4751679,1.514582908
414,00:00.0,1125,68643,357,20210110,0:00,30:51.5,4723457,1.5146283
415,00:00.0,1100,67986,356,20210109,0:00,30:51.5,4689610,1.509563165
416,00:00.0,1081,67345,355,20210108,0:00,30:51.5,4629998,1.516934389
417,00:00.0,1046,66671,354,20210107,0:00,30:51.5,4569802,1.522850408
418,00:00.0,1027,65802,353,20210106,0:00,30:51.5,4504860,1.525745123
419,00:00.0,1007,64964,352,20210105,0:00,30:51.5,4439354,1.530147779
420,00:00.0,981,64250,351,20210104,0:00,30:51.5,4376602,1.534925834
421,00:00.0,962,63230,350,20210103,0:00,30:51.5,4340832,1.522015425
422,00:00.0,942,62573,349,20210102,0:00,30:51.5,4302792,1.517507982
423,00:00.0,917,61753,348,20210101,0:00,30:51.5,4269312,1.508973374
424,00:00.0,900,60726,347,20201231,0:00,30:51.5,4213874,1.501804361
425,00:00.0,879,59759,346,20201230,0:00,30:51.5,4159516,1.498566232
426,00:00.0,859,58709,345,20201229,0:00,30:51.5,4098173,1.494928589
427,00:00.0,819,57665,344,20201228,0:00,30:51.5,4038300,1.490659499
428,00:00.0,808,56859,343,20201227,0:00,30:51.5,4006406,1.48092295
429,00:00.0,793,55889,342,20201226,0:00,30:51.5,3969409,1.465980589
430,00:00.0,773,54758,341,20201225,0:00,30:51.5,3939352,1.447642776
431,00:00.0,756,53518,340,20201224,0:00,30:51.5,3882205,1.434156057
432,00:00.0,739,52533,339,20201223,0:00,30:51.5,3826565,1.430070212
433,00:00.0,722,51443,338,20201222,0:00,30:51.5,3772425,1.420568769
434,00:00.0,698,50577,337,20201221,0:00,30:51.5,3713856,1.417748074
435,00:00.0,674,49653,336,20201220,0:00,30:51.5,3683091,1.401195841
436,00:00.0,659,48557,335,20201219,0:00,30:51.5,3646245,1.379455525
437,00:00.0,645,47512,334,20201218,0:00,30:51.5,3589795,1.365610315
438,00:00.0,634,46448,333,20201217,0:00,30:51.5,3538838,1.350397432
439,00:00.0,612,45434,332,20201216,0:00,30:51.5,3488767,1.338663158
440,00:00.0,600,44356,331,20201215,0:00,30:51.5,3441218,1.324951572
441,00:00.0,587,43476,330,20201214,0:00,30:51.5,3397037,1.314351878
442,00:00.0,580,42758,329,20201213,0:00,30:51.5,3374593,1.301825015
443,00:00.0,578,41728,328,20201212,0:00,30:51.5,3349862,1.278776141
444,00:00.0,572,40778,327,20201211,0:00,30:51.5,3311211,1.261101282
445,00:00.0,564,40089,326,20201210,0:00,30:51.5,3277946,1.250755807
446,00:00.0,556,39409,325,20201209,0:00,30:51.5,3253219,1.238519208
447,00:00.0,552,38739,324,20201208,0:00,30:51.5,3221316,1.231280807
448,00:00.0,549,38152,323,20201207,0:00,30:51.5,3209367,1.214506979
449,00:00.0,545,37537,322,20201206,0:00,30:51.5,3194858,1.200361224
450,00:00.0,540,36906,321,20201205,0:00,30:51.5,3180487,1.185080052
451,00:00.0,536,36329,320,20201204,0:00,30:51.5,3157407,1.174407365
452,00:00.0,529,35701,319,20201203,0:00,30:51.5,3131884,1.164379719
453,00:00.0,526,35161,318,20201202,0:00,30:51.5,3106968,1.155922091
454,00:00.0,526,34650,317,20201201,0:00,30:51.5,3083995,1.147691881
455,00:00.0,526,34199,316,20201130,0:00,30:51.5,3061170,1.140801353
456,00:00.0,523,33761,315,20201129,0:00,30:51.5,3046908,1.131370852
457,00:00.0,522,33311,314,20201128,0:00,30:51.5,3031940,1.120395702
458,00:00.0,516,32808,313,20201127,0:00,30:51.5,3009499,1.111057679
459,00:00.0,515,32253,312,20201126,0:00,30:51.5,2987982,1.099801168
460,00:00.0,513,31672,311,20201125,0:00,30:51.5,2966342,1.088196409
461,00:00.0,510,31290,310,20201124,0:00,30:51.5,2946336,1.083236082
462,00:00.0,509,30941,309,20201123,0:00,30:51.5,2922072,1.079732567
463,00:00.0,505,30670,308,20201122,0:00,30:51.5,2908827,1.074331704
464,00:00.0,503,30340,307,20201121,0:00,30:51.5,2896683,1.066305655
465,00:00.0,501,29954,306,20201120,0:00,30:51.5,2873380,1.060229637
466,00:00.0,498,29606,305,20201119,0:00,30:51.5,2853795,1.05424336
467,00:00.0,496,29281,304,20201118,0:00,30:51.5,2834332,1.048880158
468,00:00.0,494,28996,303,20201117,0:00,30:51.5,2815753,1.045069995
469,00:00.0,494,28766,302,20201116,0:00,30:51.5,2797689,1.042482446
470,00:00.0,493,28544,301,20201115,0:00,30:51.5,2786876,1.037775705
471,00:00.0,492,28336,300,20201114,0:00,30:51.5,2777287,1.033182078
472,00:00.0,488,28131,299,20201113,0:00,30:51.5,2761409,1.029952879
473,00:00.0,487,27940,298,20201112,0:00,30:51.5,2749770,1.027022378
474,00:00.0,487,27797,297,20201111,0:00,30:51.5,2736532,1.026536241
475,00:00.0,485,27652,296,20201110,0:00,30:51.5,2723959,1.025628091
476,00:00.0,480,27552,295,20201109,0:00,30:51.5,2709198,1.02675863
477,00:00.0,478,27426,294,20201108,0:00,30:51.5,2702879,1.024416645
478,00:00.0,477,27283,293,20201107,0:00,30:51.5,2697248,1.021440784
479,00:00.0,476,27194,292,20201106,0:00,30:51.5,2686313,1.02206801
480,00:00.0,475,27049,291,20201105,0:00,30:51.5,2673705,1.021239933
481,00:00.0,474,26924,290,20201104,0:00,30:51.5,2662259,1.020620136
482,00:00.0,472,26807,289,20201103,0:00,30:51.5,2649859,1.021591101
483,00:00.0,468,26732,288,20201102,0:00,30:51.5,2636650,1.023772886
484,00:00.0,466,26635,287,20201101,0:00,30:51.5,2630630,1.02214605
485,00:00.0,464,26511,286,20201031,0:00,30:51.5,2624492,1.020119177
486,00:00.0,463,26384,285,20201030,0:00,30:51.5,2612231,1.020318981
487,00:00.0,462,26271,284,20201029,0:00,30:51.5,2597978,1.021490534
488,00:00.0,461,26146,283,20201028,0:00,30:51.5,2582960,1.021305784
489,00:00.0,460,26043,282,20201027,0:00,30:51.5,2567587,1.023467883
490,00:00.0,457,25955,281,20201026,0:00,30:51.5,2552264,1.025281049
491,00:00.0,457,25836,280,20201025,0:00,30:51.5,2546146,1.023425171
492,00:00.0,457,25775,279,20201024,0:00,30:51.5,2540679,1.023308405
493,00:00.0,455,25698,278,20201023,0:00,30:51.5,2528621,1.024563121
494,00:00.0,453,25543,277,20201022,0:00,30:51.5,2515325,1.02355749
495,00:00.0,450,25422,276,20201021,0:00,30:51.5,2503489,1.0234316
496,00:00.0,447,25333,275,20201020,0:00,30:51.5,2491311,1.024825926
497,00:00.0,444,25275,274,20201019,0:00,30:51.5,2479226,1.026411361
498,00:00.0,444,25199,273,20201018,0:00,30:51.5,2474529,1.025705526
499,00:00.0,443,25108,272,20201017,0:00,30:51.5,2468527,1.02431086
500,00:00.0,441,25035,271,20201016,0:00,30:51.5,2459426,1.025154469
501,00:00.0,439,24988,270,20201015,0:00,30:51.5,2450739,1.027265623
502,00:00.0,438,24878,269,20201014,0:00,30:51.5,2441443,1.02672379
503,00:00.0,434,24794,268,20201013,0:00,30:51.5,2428760,1.029379284
504,00:00.0,433,24703,267,20201012,0:00,30:51.5,2415610,1.030830181
505,00:00.0,432,24605,266,20201011,0:00,30:51.5,2410483,1.028989871
506,00:00.0,430,24547,265,20201010,0:00,30:51.5,2404684,1.028921466
507,00:00.0,428,24475,264,20201009,0:00,30:51.5,2400233,1.028562735
508,00:00.0,427,24421,263,20201008,0:00,30:51.5,2388844,1.031350592
509,00:00.0,425,24352,262,20201007,0:00,30:51.5,2378073,1.033644816
510,00:00.0,422,24238,261,20201006,0:00,30:51.5,2365433,1.034619942
511,00:00.0,422,24163,260,20201005,0:00,30:51.5,2352378,1.037069338
512,00:00.0,421,24090,259,20201004,0:00,30:51.5,2346345,1.03647274
513,00:00.0,420,24026,258,20201003,0:00,30:51.5,2339859,1.036241273
514,00:00.0,416,23951,257,20201002,0:00,30:51.5,2333777,1.035145057
515,00:00.0,415,23888,256,20201001,0:00,30:51.5,2328435,1.034826629
516,00:00.0,413,23811,255,20200930,0:00,30:51.5,2322999,1.034180376
517,00:00.0,407,23698,254,20200929,0:00,30:51.5,2313044,1.033498649
518,00:00.0,406,23660,253,20200928,0:00,30:51.5,2301303,1.036484609
519,00:00.0,401,23610,252,20200927,0:00,30:51.5,2296517,1.036599742
520,00:00.0,399,23515,251,20200926,0:00,30:51.5,2290345,1.035065456
521,00:00.0,395,23454,250,20200925,0:00,30:51.5,2280276,1.037465813
522,00:00.0,393,23340,249,20200924,0:00,30:51.5,2268999,1.038156014
523,00:00.0,388,23215,248,20200923,0:00,30:51.5,2256899,1.038065223
524,00:00.0,388,23105,247,20200922,0:00,30:51.5,2245112,1.039880462
525,00:00.0,385,23044,246,20200921,0:00,30:51.5,2231589,1.043161934
526,00:00.0,383,22974,245,20200920,0:00,30:51.5,2226701,1.043121974
527,00:00.0,378,22892,244,20200919,0:00,30:51.5,2219162,1.043173778
528,00:00.0,377,22782,243,20200918,0:00,30:51.5,2206365,1.044584913
529,00:00.0,372,22656,242,20200917,0:00,30:51.5,2191892,1.045797975
530,00:00.0,367,22503,241,20200916,0:00,30:51.5,2178832,1.045197609
531,00:00.0,367,22390,240,20200915,0:00,30:51.5,2164578,1.047599084
532,00:00.0,363,22284,239,20200914,0:00,30:51.5,2151002,1.049386728
533,00:00.0,358,22175,238,20200913,0:00,30:51.5,2143270,1.048183346
534,00:00.0,355,22054,237,20200912,0:00,30:51.5,2135457,1.046388101
535,00:00.0,350,21918,236,20200911,0:00,30:51.5,2119211,1.048814521
536,00:00.0,346,21742,235,20200910,0:00,30:51.5,2099591,1.052079941
537,00:00.0,344,21587,234,20200909,0:00,30:51.5,2082234,1.0552373
538,00:00.0,341,21431,233,20200908,0:00,30:51.5,2066078,1.059520208
539,00:00.0,336,21295,232,20200907,0:00,30:51.5,2051297,1.062525072
540,00:00.0,334,21176,231,20200906,0:00,30:51.5,2045935,1.060754971
541,00:00.0,333,21009,230,20200905,0:00,30:51.5,2037045,1.058404972
542,00:00.0,331,20841,229,20200904,0:00,30:51.5,2018906,1.059726234
543,00:00.0,329,20643,228,20200903,0:00,30:51.5,2000552,1.061321482
544,00:00.0,326,20448,227,20200902,0:00,30:51.5,1980295,1.063036151
545,00:00.0,324,20181,226,20200901,0:00,30:51.5,1959080,1.060853045
546,00:00.0,324,19946,225,20200831,0:00,30:51.5,1937689,1.061062989
547,00:00.0,323,19698,224,20200830,0:00,30:51.5,1924170,1.055542725
548,00:00.0,321,19399,223,20200829,0:00,30:51.5,1909329,1.045608675
549,00:00.0,316,19076,222,20200828,0:00,30:51.5,1887717,1.038428835
550,00:00.0,313,18705,221,20200827,0:00,30:51.5,1869579,1.029139418
551,00:00.0,312,18264,220,20200826,0:00,30:51.5,1849506,1.016524082
552,00:00.0,310,17944,219,20200825,0:00,30:51.5,1825837,1.010659119
553,00:00.0,309,17664,218,20200824,0:00,30:51.5,1804422,1.005678004
554,00:00.0,309,17398,217,20200823,0:00,30:51.5,1791186,0.997808011
555,00:00.0,309,17002,216,20200822,0:00,30:51.5,1775800,0.980862169
556,00:00.0,309,16670,215,20200821,0:00,30:51.5,1754123,0.971401067
557,00:00.0,307,16346,214,20200820,0:00,30:51.5,1734083,0.96204722
558,00:00.0,306,16058,213,20200819,0:00,30:51.5,1715064,0.953539164
559,00:00.0,306,15761,212,20200818,0:00,30:51.5,1697042,0.942743341
560,00:00.0,305,15515,211,20200817,0:00,30:51.5,1688470,0.931548731
561,00:00.0,305,15318,210,20200816,0:00,30:51.5,1681787,0.922892283
562,00:00.0,305,15039,209,20200815,0:00,30:51.5,1675296,0.909427349
563,00:00.0,305,14873,208,20200814,0:00,30:51.5,1665084,0.904160121
564,00:00.0,305,14770,207,20200813,0:00,30:51.5,1654898,0.902205119
565,00:00.0,305,14714,206,20200812,0:00,30:51.5,1646652,0.903099964
566,00:00.0,305,14660,205,20200811,0:00,30:51.5,1637844,0.904740011
567,00:00.0,305,14626,204,20200810,0:00,30:51.5,1628303,0.907372448
568,00:00.0,305,14598,203,20200809,0:00,30:51.5,1624650,0.907922209
569,00:00.0,304,14562,202,20200808,0:00,30:51.5,1620514,0.907623929
570,00:00.0,303,14519,201,20200807,0:00,30:51.5,1613652,0.909379024
571,00:00.0,302,14499,200,20200806,0:00,30:51.5,1606487,0.912773158
572,00:00.0,302,14456,199,20200805,0:00,30:51.5,1598187,0.915112202
573,00:00.0,301,14423,198,20200804,0:00,30:51.5,1589780,0.918044933
574,00:00.0,301,14389,197,20200803,0:00,30:51.5,1579757,0.920980878
575,00:00.0,301,14366,196,20200802,0:00,30:51.5,1576246,0.921796779
576,00:00.0,301,14336,195,20200801,0:00,30:51.5,1571830,0.922788552
577,00:00.0,301,14305,194,20200731,0:00,30:51.5,1563796,0.925610787
578,00:00.0,300,14269,193,20200730,0:00,30:51.5,1556215,0.928247973
579,00:00.0,300,14251,192,20200729,0:00,30:51.5,1547307,0.932668665
580,00:00.0,300,14203,191,20200728,0:00,30:51.5,1537704,0.93609533
581,00:00.0,299,14175,190,20200727,0:00,30:51.5,1526974,0.939859595
582,00:00.0,298,14150,189,20200726,0:00,30:51.5,1522926,0.94100466
583,00:00.0,298,14092,188,20200725,0:00,30:51.5,1518634,0.940122872
584,00:00.0,298,13979,187,20200724,0:00,30:51.5,1510327,0.938334022
585,00:00.0,297,13938,186,20200723,0:00,30:51.5,1500854,0.942115779
586,00:00.0,297,13879,185,20200722,0:00,30:51.5,1492071,0.943944175
587,00:00.0,296,13816,184,20200721,0:00,30:51.5,1482390,0.947257711
588,00:00.0,296,13771,183,20200720,0:00,30:51.5,1470193,0.950451069
589,00:00.0,295,13745,182,20200719,0:00,30:51.5,1465299,0.952301111
590,00:00.0,294,13711,181,20200718,0:00,30:51.5,1460204,0.953954028
591,00:00.0,293,13672,180,20200717,0:00,30:51.5,1451017,0.957485326
592,00:00.0,291,13612,179,20200716,0:00,30:51.5,1441348,0.959981494
593,00:00.0,289,13551,178,20200715,0:00,30:51.5,1431316,0.96241599
594,00:00.0,289,13512,177,20200714,0:00,30:51.5,1420616,0.967681639
595,00:00.0,289,13479,176,20200713,0:00,30:51.5,1408312,0.972183254
596,00:00.0,289,13417,175,20200712,0:00,30:51.5,1402144,0.972025206
597,00:00.0,288,13373,174,20200711,0:00,30:51.5,1396941,0.973296041
598,00:00.0,288,13338,173,20200710,0:00,30:51.5,1384890,0.97975338
599,00:00.0,287,13293,172,20200709,0:00,30:51.5,1371771,0.986230756
600,00:00.0,285,13243,171,20200708,0:00,30:51.5,1359734,0.991448819
601,00:00.0,285,13181,170,20200707,0:00,30:51.5,1346194,0.996658649
602,00:00.0,284,13137,169,20200706,0:00,30:51.5,1331796,1.002438756
603,00:00.0,283,13089,168,20200705,0:00,30:51.5,1326055,1.003445246
604,00:00.0,283,13028,167,20200704,0:00,30:51.5,1319521,1.00431699
605,00:00.0,282,12965,166,20200703,0:00,30:51.5,1307759,1.00800887
606,00:00.0,282,12904,165,20200702,0:00,30:51.5,1295962,1.011142629
607,00:00.0,282,12850,164,20200701,0:00,30:51.5,1285231,1.015244468
608,00:00.0,282,12799,163,20200630,0:00,30:51.5,1273765,1.021504347
609,00:00.0,282,12757,162,20200629,0:00,30:51.5,1259954,1.027584568
610,00:00.0,282,12715,161,20200628,0:00,30:51.5,1251695,1.03148399
611,00:00.0,282,12653,160,20200627,0:00,30:51.5,1243780,1.033814467
612,00:00.0,282,12602,159,20200626,0:00,30:51.5,1232315,1.03849485
613,00:00.0,282,12563,158,20200625,0:00,30:51.5,1220478,1.045541779
614,00:00.0,281,12535,157,20200624,0:00,30:51.5,1208597,1.05482214
615,00:00.0,281,12484,156,20200623,0:00,30:51.5,1196012,1.063614073
616,00:00.0,280,12438,155,20200622,0:00,30:51.5,1182066,1.069785484
617,00:00.0,280,12421,154,20200621,0:00,30:51.5,1176463,1.074116736
618,00:00.0,280,12373,153,20200620,0:00,30:51.5,1170901,1.07644565
619,00:00.0,280,12306,152,20200619,0:00,30:51.5,1158063,1.082442806
620,00:00.0,280,12257,151,20200618,0:00,30:51.5,1145712,1.090482367
621,00:00.0,279,12198,150,20200617,0:00,30:51.5,1132823,1.097599821
622,00:00.0,278,12155,149,20200616,0:00,30:51.5,1119767,1.107885538
623,00:00.0,277,12121,148,20200615,0:00,30:51.5,1105719,1.117219055
624,00:00.0,277,12084,147,20200614,0:00,30:51.5,1100327,1.119955958
625,00:00.0,277,12050,146,20200613,0:00,30:51.5,1094704,1.124747049
626,00:00.0,277,12002,145,20200612,0:00,30:51.5,1081486,1.135217859
627,00:00.0,276,11946,144,20200611,0:00,30:51.5,1066888,1.147116269
628,00:00.0,276,11901,143,20200610,0:00,30:51.5,1051972,1.160225357
629,00:00.0,274,11851,142,20200609,0:00,30:51.5,1035997,1.175067276
630,00:00.0,273,11813,141,20200608,0:00,30:51.5,1018214,1.188621911
631,00:00.0,273,11776,140,20200607,0:00,30:51.5,1012769,1.193971741
632,00:00.0,273,11719,139,20200606,0:00,30:51.5,1005305,1.199057452
633,00:00.0,273,11668,138,20200605,0:00,30:51.5,990960,1.212645267
634,00:00.0,273,11629,137,20200604,0:00,30:51.5,973858,1.229724457
635,00:00.0,273,11590,136,20200603,0:00,30:51.5,956852,1.247595499
636,00:00.0,272,11541,135,20200602,0:00,30:51.5,939851,1.266948357
637,00:00.0,271,11503,134,20200601,0:00,30:51.5,921391,1.281909837
638,00:00.0,270,11468,133,20200531,0:00,30:51.5,910822,1.292128248
639,00:00.0,269,11441,132,20200530,0:00,30:51.5,902901,1.305151819
640,00:00.0,269,11402,131,20200529,0:00,30:51.5,885120,1.324946576
641,00:00.0,269,11344,130,20200528,0:00,30:51.5,868666,1.340429353
642,00:00.0,269,11265,129,20200527,0:00,30:51.5,852876,1.354267475
643,00:00.0,269,11225,128,20200526,0:00,30:51.5,839475,1.373204589
644,00:00.0,267,11206,127,20200525,0:00,30:51.5,826437,1.388001209
645,00:00.0,266,11190,126,20200524,0:00,30:51.5,820289,1.398826935
646,00:00.0,266,11165,125,20200523,0:00,30:51.5,814420,1.408209109
647,00:00.0,264,11142,124,20200522,0:00,30:51.5,802418,1.42456772
648,00:00.0,264,11122,123,20200521,0:00,30:51.5,788684,1.443300307
649,00:00.0,263,11110,122,20200520,0:00,30:51.5,776433,1.461684397
650,00:00.0,263,11078,121,20200519,0:00,30:51.5,765574,1.479732158
651,00:00.0,263,11065,120,20200518,0:00,30:51.5,753211,1.501116511
652,00:00.0,262,11050,119,20200517,0:00,30:51.5,747653,1.513713145
653,00:00.0,262,11037,118,20200516,0:00,30:51.5,740645,1.528031211
654,00:00.0,260,11018,117,20200515,0:00,30:51.5,726747,1.558698039
655,00:00.0,259,10962,115,20200513,0:00,30:51.5,695920,1.62078005
656,00:00.0,258,10936,114,20200512,0:00,30:51.5,680890,1.645600096
657,00:00.0,256,10909,113,20200511,0:00,30:51.5,668492,1.658986876
658,00:00.0,256,10874,112,20200510,0:00,30:51.5,663886,1.663306606
659,00:00.0,256,10840,111,20200509,0:00,30:51.5,660030,1.665445238
660,00:00.0,256,10822,110,20200508,0:00,30:51.5,654863,1.675242571
661,00:00.0,256,10810,109,20200507,0:00,30:51.5,649388,1.686535332
662,00:00.0,255,10806,108,20200506,0:00,30:51.5,643095,1.701501844
663,00:00.0,254,10804,107,20200505,0:00,30:51.5,640237,1.711175063
664,00:00.0,252,10801,106,20200504,0:00,30:51.5,633921,1.726102486
665,00:00.0,250,10793,105,20200503,0:00,30:51.5,630973,1.734135623
666,00:00.0,250,10780,104,20200502,0:00,30:51.5,627562,1.741332911
667,00:00.0,248,10774,103,20200501,0:00,30:51.5,623069,1.753626397
668,00:00.0,247,10765,102,20200430,0:00,30:51.5,619881,1.761153838
669,00:00.0,246,10761,101,20200429,0:00,30:51.5,614197,1.776064962
670,00:00.0,244,10752,100,20200428,0:00,30:51.5,608514,1.794060179
671,00:00.0,243,10738,99,20200427,0:00,30:51.5,601660,1.811510464
672,00:00.0,242,10728,98,20200426,0:00,30:51.5,598285,1.820508208
673,00:00.0,240,10718,97,20200425,0:00,30:51.5,595161,1.829316166
674,00:00.0,240,10708,96,20200424,0:00,30:51.5,589520,1.846461581
675,00:00.0,240,10702,95,20200423,0:00,30:51.5,583971,1.865005786
676,00:00.0,238,10694,94,20200422,0:00,30:51.5,577959,1.88994023
677,00:00.0,237,10683,93,20200421,0:00,30:51.5,571014,1.913511364
678,00:00.0,236,10674,92,20200420,0:00,30:51.5,563035,1.937015247
679,00:00.0,234,10661,91,20200419,0:00,30:51.5,559109,1.949472083
680,00:00.0,232,10653,90,20200418,0:00,30:51.5,554834,1.968098078
681,00:00.0,230,10635,89,20200417,0:00,30:51.5,546463,1.998019828
682,00:00.0,229,10613,88,20200416,0:00,30:51.5,538775,2.023423901
683,00:00.0,225,10591,87,20200415,0:00,30:51.5,534552,2.038589022
684,00:00.0,222,10564,86,20200414,0:00,30:51.5,527438,2.060114628
685,00:00.0,217,10537,85,20200413,0:00,30:51.5,518743,2.08508129
686,00:00.0,214,10512,84,20200412,0:00,30:51.5,514621,2.098903227
687,00:00.0,211,10480,83,20200411,0:00,30:51.5,510479,2.111162368
688,00:00.0,208,10450,82,20200410,0:00,30:51.5,503051,2.142477853
689,00:00.0,204,10423,81,20200409,0:00,30:51.5,494711,2.175074395
690,00:00.0,200,10384,80,20200408,0:00,30:51.5,486003,2.218116182
691,00:00.0,192,10331,79,20200407,0:00,30:51.5,477304,2.262325524
692,00:00.0,186,10284,78,20200406,0:00,30:51.5,466804,2.298054341
693,00:00.0,183,10237,77,20200405,0:00,30:51.5,461233,2.317835811
694,00:00.0,177,10156,76,20200404,0:00,30:51.5,455032,2.33531392
695,00:00.0,174,10062,75,20200403,0:00,30:51.5,443273,2.371072072
696,00:00.0,169,9976,74,20200402,0:00,30:51.5,431743,2.410488622
697,00:00.0,165,9887,73,20200401,0:00,30:51.5,421547,2.441463644
698,00:00.0,162,9786,72,20200331,0:00,30:51.5,410564,2.485825764
699,00:00.0,158,9661,71,20200330,0:00,30:51.5,398902,2.506934876
700,00:00.0,152,9583,70,20200329,0:00,30:51.5,394141,2.527742388
701,00:00.0,144,9478,69,20200328,0:00,30:51.5,387925,2.552233541
702,00:00.0,139,9332,68,20200327,0:00,30:51.5,376961,2.579739151
703,00:00.0,131,9241,67,20200326,0:00,30:51.5,364942,2.635970254
704,00:00.0,126,9137,66,20200325,0:00,30:51.5,357896,2.659057442
705,00:00.0,120,9037,65,20200324,0:00,30:51.5,348582,2.712657065
706,00:00.0,111,8961,64,20200323,0:00,30:51.5,338036,2.762262336
707,00:00.0,104,8897,63,20200322,0:00,30:51.5,331780,2.804501324
708,00:00.0,102,8799,62,20200321,0:00,30:51.5,327509,2.82195603
709,00:00.0,94,8652,61,20200320,0:00,30:51.5,316664,2.873091828
710,00:00.0,91,8565,60,20200319,0:00,30:51.5,307024,2.942085738
711,00:00.0,84,8413,59,20200318,0:00,30:51.5,295647,3.012162506
712,00:00.0,81,8320,58,20200317,0:00,30:51.5,286716,3.088057901
713,00:00.0,75,8236,57,20200316,0:00,30:51.5,274504,3.173392208
714,00:00.0,75,8162,56,20200315,0:00,30:51.5,268212,3.239660237
715,00:00.0,72,8086,55,20200314,0:00,30:51.5,261335,3.318000336
716,00:00.0,67,7979,54,20200313,0:00,30:51.5,248647,3.458499309
717,00:00.0,66,7869,53,20200312,0:00,30:51.5,234998,3.621744273
718,00:00.0,60,7755,52,20200311,0:00,30:51.5,222395,3.804174536
719,00:00.0,54,7513,51,20200310,0:00,30:51.5,210144,3.919308057
